Year_Month,AAPL.Coeff,AXP.Coeff,BA.Coeff,CAT.Coeff,CSCO.Coeff,CVX.Coeff,DIS.Coeff,DOW.Coeff,GS.Coeff,HD.Coeff,IBM.Coeff,INTC.Coeff,JNJ.Coeff,JPM.Coeff,KO.Coeff,MCD.Coeff,MMM.Coeff,MRK.Coeff,MSFT.Coeff,NKE.Coeff,PFE.Coeff,PG.Coeff,TRV.Coeff,UNH.Coeff,UTX.Coeff,V.Coeff,VZ.Coeff,WBA.Coeff,WMT.Coeff,XOM.Coeff
20071,Not Significant,0.011054504,0.016791745,Not Significant,0.019377307,Not Significant,Not Significant,Not Significant,0.019440455,0.011377863,Not Significant,Not Significant,Not Significant,Not Significant,0.003875341,0.009898275,Not Significant,Not Significant,0.017620858,Not Significant,0.008911476,0.005504915,Not Significant,0.012731084,0.015873376,Not Significant,0.009655546,Not Significant,0.008414582,Not Significant
20081,Not Significant,0.018849722,0.007484024,0.010918987,0.01130939,0.007923572,0.008694222,Not Significant,0.012266473,0.011613878,0.011749648,0.019901779,Not Significant,0.018430483,0.006538442,Not Significant,0.00778082,Not Significant,0.007592948,0.009747276,0.007119971,0.004116229,0.011968368,Not Significant,0.010840071,Not Significant,0.009938127,0.006595501,0.006464442,0.008689926
20111,0.011438205,0.009960048,Not Significant,0.007944904,0.012387164,0.007867904,Not Significant,Not Significant,0.016963718,0.010797223,Not Significant,Not Significant,Not Significant,0.012106145,Not Significant,Not Significant,0.007975771,Not Significant,0.011819311,0.009208344,0.006300328,Not Significant,0.006326339,Not Significant,Not Significant,0.010193702,Not Significant,0.006793417,Not Significant,0.008857159
20121,Not Significant,0.013390508,0.007175048,0.015223301,0.009411615,0.011338993,0.010567577,Not Significant,0.031658389,0.008303977,Not Significant,Not Significant,Not Significant,0.025686877,0.005811836,Not Significant,0.008137517,Not Significant,Not Significant,0.005867131,0.006949711,Not Significant,Not Significant,Not Significant,0.010359834,Not Significant,Not Significant,0.012422155,Not Significant,0.008542099
20131,Not Significant,0.008582852,Not Significant,0.013407354,0.01070409,0.008918014,0.011148227,Not Significant,0.012222434,0.0094149,Not Significant,Not Significant,0.005043057,0.009061866,0.012246183,0.005787676,0.008275614,Not Significant,0.01124482,Not Significant,0.012239309,0.009189547,0.006685796,Not Significant,0.010706545,0.0076552,0.011566784,Not Significant,Not Significant,0.010768694
20141,Not Significant,0.010526687,0.008930486,0.009966513,0.007854554,0.007534818,0.014011656,Not Significant,0.008388927,0.005273935,0.006439848,0.008691394,0.008241742,0.008603973,0.008712506,0.004893984,0.008100553,Not Significant,Not Significant,0.010172146,0.0130853,Not Significant,0.007204272,0.009737491,0.008310683,0.014066597,Not Significant,Not Significant,0.00394947,0.007181195
20171,Not Significant,0.009231824,0.019712874,0.017454911,Not Significant,0.009660388,0.008891735,Not Significant,0.018739925,Not Significant,0.014913067,0.011074813,Not Significant,0.017345623,Not Significant,Not Significant,Not Significant,Not Significant,Not Significant,0.011648169,Not Significant,Not Significant,Not Significant,Not Significant,0.005896211,0.009355833,Not Significant,Not Significant,Not Significant,Not Significant
20181,0.010840826,Not Significant,Not Significant,Not Significant,0.012175686,0.016339654,0.016582036,Not Significant,Not Significant,0.012896272,Not Significant,0.029021477,Not Significant,Not Significant,Not Significant,0.011372186,0.01160683,Not Significant,0.012331952,Not Significant,0.016478228,Not Significant,Not Significant,0.014404645,Not Significant,0.009214708,Not Significant,0.015850879,0.008553191,0.012525884
20191,0.02190523,0.008593435,0.015646016,0.01875361,0.011672882,0.007767517,0.006632669,Not Significant,Not Significant,0.008498099,0.007902865,0.014657852,0.006287931,0.006612312,Not Significant,Not Significant,0.011130993,0.007032892,0.014202219,0.007196068,0.008423273,Not Significant,0.006753436,0.006258135,0.010221556,0.011165436,Not Significant,0.007923873,Not Significant,0.008358879
20201,0.020994175,0.012900416,Not Significant,0.016092296,0.014691818,0.011136076,0.009096636,0.015317039,0.0164871,0.009253558,Not Significant,Not Significant,0.00350608,0.013213801,Not Significant,0.008204339,Not Significant,Not Significant,0.014539395,0.008169659,Not Significant,Not Significant,Not Significant,0.011273892,0.010804476,0.014822659,Not Significant,Not Significant,Not Significant,0.01328822
20101,0.01860375,0.014410237,0.015159133,0.017552075,0.016257416,0.009406216,0.004923364,Not Significant,0.014551915,Not Significant,0.008990305,0.015827343,0.00534355,0.017119381,Not Significant,Not Significant,0.007362732,0.012910342,0.011850718,Not Significant,0.013037273,Not Significant,Not Significant,0.014839061,0.008129885,0.011085692,Not Significant,0.00769067,Not Significant,0.006012059
20161,0.013283449,Not Significant,0.012918742,0.011200712,0.011003715,0.013766072,0.010478068,Not Significant,0.013398282,0.009221716,0.006469366,0.013729628,0.008255531,0.013143329,0.004179013,0.005945813,0.010332419,0.007812529,0.013707228,0.007101414,0.005108853,0.006493434,0.007775601,0.008353938,0.007145056,0.011881328,0.007271614,0.008006624,0.005770358,0.011331663
20091,0.009580096,0.017063925,0.009026411,0.009144046,0.012226945,0.01007335,0.012078772,Not Significant,0.025855664,0.009805465,0.011073771,0.01241599,0.002278399,0.027320824,0.004127432,0.005838861,0.005922081,0.002751511,0.012834538,0.010108003,Not Significant,0.004046595,0.011385876,0.009300771,0.005896397,0.011119293,0.004439562,0.004876832,Not Significant,0.006766812
20151,0.010837124,0.006311063,Not Significant,0.012174992,0.009691604,0.01263863,0.006805606,Not Significant,0.012962461,0.015011457,0.009906926,0.011184872,0.008403277,0.015832349,0.006133267,0.007776128,0.010033574,Not Significant,0.017778101,0.011627765,0.006040606,0.007848813,0.010449391,0.014489366,0.008236579,0.006606219,Not Significant,0.008973525,0.007843497,0.010629807
200710,0.012168772,0.014402254,0.008262248,0.015618039,0.01158439,0.009357493,0.010012216,Not Significant,0.022917389,0.009946422,0.007454805,0.010410791,0.004436192,0.0108656,0.004253906,0.006620571,0.015646606,0.006912555,0.015495969,0.007168852,0.006792784,Not Significant,0.008508229,0.006601482,0.007464906,Not Significant,0.009827426,Not Significant,Not Significant,0.009301871
200810,0.008034282,0.012024616,0.011430466,0.010253342,0.011018059,0.015110547,0.012408894,Not Significant,0.010759569,0.00894845,0.006988272,0.009510765,0.007620382,0.008083936,0.007956998,0.007815122,0.007449195,0.011180123,0.010424998,0.009728818,0.008040196,0.007918623,0.009395704,0.015762564,0.010908345,0.010261986,0.008774791,0.00910318,0.008116377,0.014033263
200910,0.007669032,0.016121773,0.009913025,0.017357651,0.009755628,0.008984892,0.010204231,Not Significant,0.014350053,0.009196986,0.006674519,0.009521968,0.004747632,0.018345857,0.003027251,0.003614595,0.009360372,0.004805196,Not Significant,0.009160466,0.009630523,0.006786058,0.009033109,Not Significant,0.009027296,Not Significant,Not Significant,0.005131995,0.002979304,0.007817246
201010,0.014294839,Not Significant,0.014524338,0.014103917,0.008502488,0.011303124,0.009188488,Not Significant,Not Significant,Not Significant,0.009660578,Not Significant,0.005493248,Not Significant,0.003385092,Not Significant,0.010610862,0.009310237,0.011350088,0.00719711,0.012032929,0.005843078,0.007733231,0.015845397,0.00954842,0.011466262,Not Significant,0.013726005,Not Significant,0.009264663
201210,0.013612063,0.013090461,Not Significant,0.015399481,0.010915441,0.012167596,0.009074366,Not Significant,0.013086258,Not Significant,Not Significant,0.008929872,0.0091419,0.012911233,Not Significant,0.009791869,0.013934406,0.010817367,0.009156614,0.009774095,0.008267404,0.009539624,Not Significant,Not Significant,0.009211935,0.011559964,0.00783634,Not Significant,0.006782784,0.010285162
201310,Not Significant,0.014294821,0.00970959,0.009423752,0.007345333,0.005745694,0.010834337,Not Significant,0.009748451,0.006421242,Not Significant,0.008328759,0.00888275,0.013475237,0.00557245,0.005802788,0.00759384,Not Significant,0.008138484,0.010114504,0.010683491,0.005906574,0.009028514,Not Significant,0.008847897,0.015919282,0.008905543,0.010507792,0.005388544,0.005252039
201410,0.007144883,0.012743055,0.011449113,0.012973371,0.00972897,0.010924842,0.011665056,Not Significant,0.011234275,0.009240427,Not Significant,0.014601725,0.009734755,0.010993244,Not Significant,0.004960947,0.01281483,0.011200517,0.011412028,0.008015881,0.00691933,0.003747034,0.00508724,0.010483272,0.009239403,0.012317395,0.005925359,0.006708277,0.003840585,0.008931876
201510,0.008365132,Not Significant,0.008340462,0.011745992,0.010830373,0.01150561,0.005104014,Not Significant,0.012579656,0.004544386,0.013496826,0.007689127,0.008181668,0.011831207,0.006985782,0.012657563,0.009198816,0.014930015,0.013605072,Not Significant,0.012359688,0.004757655,0.006483621,Not Significant,0.008329901,0.009754312,0.007333117,Not Significant,Not Significant,0.009556736
201810,0.012094081,0.008324637,0.010391827,0.013723534,0.012978864,0.007565629,0.010499013,Not Significant,0.011225875,0.006259925,Not Significant,0.012085084,0.004986105,0.007934224,0.003370879,Not Significant,0.009306535,0.006901268,0.015587175,0.011519178,0.008992614,Not Significant,0.005453721,0.010613575,0.010090979,0.014216902,Not Significant,0.009566334,0.004761518,0.007062068
201910,0.010663896,0.012747002,Not Significant,0.016402697,0.012693581,0.011221092,0.004297287,0.015903652,0.011197432,0.006589247,0.007664309,0.015928346,Not Significant,0.013235332,Not Significant,Not Significant,0.013979456,0.009087219,0.011883523,0.006417349,0.009101341,Not Significant,0.010730148,Not Significant,0.010833547,0.010789251,0.00586258,0.010680764,0.006231327,0.012234782
201110,0.006642144,0.010249923,0.00960435,0.014058104,0.007985335,0.009813569,0.01266418,Not Significant,0.016635654,0.008033704,0.004875232,0.005429537,0.006224704,0.018929998,0.004017251,0.004059932,0.012032893,0.006293581,0.006154273,0.007353954,0.007987275,0.00286383,0.010562249,0.006921506,0.008138917,0.009257125,0.00442567,0.003069939,0.002649066,0.007545307
201610,Not Significant,Not Significant,Not Significant,0.010403898,0.008254052,Not Significant,Not Significant,Not Significant,0.013869998,Not Significant,Not Significant,Not Significant,Not Significant,0.008210654,0.006265821,Not Significant,0.009284133,Not Significant,0.014201419,Not Significant,0.006690599,Not Significant,Not Significant,0.022890903,Not Significant,0.009815918,Not Significant,Not Significant,Not Significant,0.010388948
201710,Not Significant,Not Significant,Not Significant,Not Significant,0.010392066,Not Significant,Not Significant,Not Significant,0.023498505,Not Significant,Not Significant,0.02900975,Not Significant,0.012600057,Not Significant,Not Significant,Not Significant,Not Significant,0.022635778,Not Significant,Not Significant,Not Significant,Not Significant,Not Significant,Not Significant,Not Significant,0.011000441,Not Significant,Not Significant,Not Significant
200711,0.015308579,0.016071336,0.005643504,0.008639722,0.011093996,0.010870797,0.009810176,Not Significant,0.018037677,0.011820108,0.009908128,0.011345036,0.002232585,0.018527825,0.005278831,0.004178105,0.008787804,0.006107429,0.006784628,0.00865309,0.009637092,0.004576501,0.007815743,0.002849613,0.007961038,Not Significant,0.008262697,Not Significant,0.010344788,0.01155874
201011,0.012577753,0.013906297,0.012994815,0.014112544,Not Significant,0.012153531,Not Significant,Not Significant,0.01152197,Not Significant,0.0095113,Not Significant,0.005822446,0.014717879,0.006418896,0.006460565,0.009597744,0.008350148,0.00641413,0.009271224,Not Significant,0.005812862,0.009836052,0.006787441,0.009184253,0.010855087,0.005493229,0.009282208,Not Significant,0.009883014
201111,0.006943471,0.011460297,0.01126937,0.014139397,0.011959603,0.01081408,0.012136725,Not Significant,0.015537303,0.005221544,0.007987581,0.011485523,0.006157645,0.016255677,0.005489526,0.004852202,0.010199823,0.007999425,0.00830721,0.008180816,0.008266119,0.006399968,0.009145683,0.009081311,0.011059323,0.009323526,0.006325387,0.005979917,0.004046354,0.008893084
201211,0.018727631,0.011227399,0.007787257,0.01567394,Not Significant,0.012755325,Not Significant,Not Significant,0.017941257,0.008592199,0.008985211,0.009438756,0.004386447,0.015103001,0.007936385,0.005900599,0.008354873,0.008995203,0.010720375,0.014418998,0.005034122,0.006650394,0.005563566,0.013643012,0.012308839,0.008635124,0.011347031,0.006914179,0.005779341,0.009857245
201311,0.010178135,0.009277124,0.010525873,Not Significant,Not Significant,Not Significant,0.015215457,Not Significant,0.011926893,Not Significant,Not Significant,Not Significant,Not Significant,0.011614079,0.00462373,Not Significant,0.0057455,0.006111377,Not Significant,0.010290996,0.006020139,Not Significant,0.007787016,0.008598568,0.00808494,0.010761793,Not Significant,0.008422547,0.004293746,Not Significant
201611,Not Significant,0.011109398,0.010252788,0.016537253,Not Significant,Not Significant,Not Significant,Not Significant,0.015615113,Not Significant,Not Significant,0.010415014,0.008292753,0.015023671,Not Significant,Not Significant,Not Significant,0.01518856,0.00888759,0.006889942,0.016786808,Not Significant,Not Significant,Not Significant,0.007235643,0.011036707,Not Significant,0.008944482,Not Significant,0.007998393
201711,0.012866114,0.012829989,0.009485537,0.017497787,0.020128541,Not Significant,Not Significant,Not Significant,0.01386342,0.01367397,0.007481553,Not Significant,Not Significant,Not Significant,Not Significant,0.012230131,0.011328247,Not Significant,0.0113045,Not Significant,Not Significant,0.006557837,Not Significant,0.014224954,0.012780358,0.015845775,Not Significant,Not Significant,0.028160392,Not Significant
201811,0.019388215,0.010011845,0.013254669,0.018223303,0.013965414,0.007691798,0.005221527,Not Significant,0.014769606,0.011492404,0.010535113,0.012442382,Not Significant,0.007841228,Not Significant,0.003908416,0.010849823,0.00551756,0.01480121,0.011015879,0.005350391,Not Significant,0.007342533,0.010050632,0.005609741,0.014215456,Not Significant,0.005655349,0.005487505,0.007524555
201911,0.019556392,0.012389515,Not Significant,0.028877742,Not Significant,Not Significant,Not Significant,0.029729681,0.016854634,Not Significant,0.010480121,Not Significant,Not Significant,0.012785027,Not Significant,Not Significant,0.025444479,Not Significant,0.008439129,Not Significant,Not Significant,Not Significant,Not Significant,Not Significant,0.01168273,Not Significant,Not Significant,Not Significant,Not Significant,Not Significant
200811,0.010146778,0.013218848,0.007031496,0.011482429,0.009372455,0.012511834,0.0111892,Not Significant,0.015393703,0.011828061,0.008120299,0.009644048,0.006863354,0.014461658,0.006171327,0.005227804,0.008384002,0.008550563,0.010074743,0.009421693,0.008644172,0.006067765,0.012287013,0.010641468,0.010001798,0.008922166,0.009188421,0.006540179,0.004845622,0.010438746
200911,0.01225042,0.017054297,0.013320984,0.015916069,0.009869022,0.008730461,0.010188688,Not Significant,0.011913913,0.008402263,0.006920332,0.011417263,Not Significant,0.01278854,0.004166504,0.006447208,0.008566349,Not Significant,0.005508696,0.010190477,0.006562635,0.007461342,0.008860815,0.006630652,0.011043046,0.006021632,0.00628611,Not Significant,Not Significant,0.009416
201411,Not Significant,Not Significant,Not Significant,0.043557103,Not Significant,0.032906053,Not Significant,Not Significant,Not Significant,Not Significant,Not Significant,Not Significant,Not Significant,0.014135838,Not Significant,Not Significant,Not Significant,Not Significant,Not Significant,Not Significant,Not Significant,-0.012083691,Not Significant,Not Significant,Not Significant,Not Significant,Not Significant,0.013463247,Not Significant,0.022728997
201511,0.012206663,0.007972238,0.007423474,0.012782628,0.010932726,0.019873009,0.007725071,Not Significant,0.010608754,Not Significant,0.009561182,Not Significant,0.008327865,0.012476819,0.00607145,0.007174824,0.008787093,0.007149949,0.008813544,0.014498217,0.009486411,0.008018,0.007338112,0.013837419,0.005791564,Not Significant,0.005851178,0.015648313,0.010026374,0.017701571
200812,0.006795633,0.016698386,0.009477687,0.0122403,0.01024274,0.00872273,0.011674526,Not Significant,0.016749188,0.008238209,0.008471972,0.011494828,0.005250263,0.020791749,0.005709946,0.004463153,0.005651839,0.009514002,0.009989235,0.009357802,0.007728346,0.005955226,0.015859557,Not Significant,0.005888803,0.009693935,0.007466964,0.007012185,0.003996472,0.007807546
200912,Not Significant,0.013702375,0.009454767,0.013329862,0.011513376,0.008576794,0.010222299,Not Significant,Not Significant,0.012260289,0.006985051,0.014367316,0.003595454,0.010895524,0.009448714,0.008085307,0.011759106,0.008868909,0.011379388,Not Significant,0.014138803,0.00740523,0.011302873,Not Significant,0.008963208,Not Significant,Not Significant,0.009526132,0.005282975,Not Significant
201012,0.006604481,Not Significant,0.011121136,0.010346302,Not Significant,0.009004899,0.007342995,Not Significant,0.011550436,0.021587426,0.008319846,0.007976772,Not Significant,0.014979356,0.006764392,Not Significant,0.008338424,Not Significant,0.014487912,Not Significant,0.008977755,0.006521291,0.006191784,0.015738375,0.013608211,Not Significant,0.004988257,Not Significant,Not Significant,0.008550273
201112,0.006290413,0.011514004,0.008126075,0.014614102,0.011894069,0.011408733,0.011396462,Not Significant,0.015657843,0.009518362,0.006663344,0.012500951,0.005902625,0.018514672,0.004290642,0.003227391,0.011178333,0.003925744,0.006174304,0.005277123,0.004063574,0.004231575,0.006174659,0.007844936,0.010391097,0.006198368,0.005117023,0.010214422,0.005179542,0.009073602
201412,0.01364382,0.009871571,0.007304645,0.010656144,0.009093632,0.013261808,0.006163542,Not Significant,0.011348895,0.006644048,0.010963464,0.009083923,0.008323974,0.012214909,0.008533619,0.010918673,0.008493977,0.006867032,0.009067671,0.007510029,0.007415643,0.005603088,0.004972402,0.01217244,0.006213533,0.00870548,0.006346518,Not Significant,0.006026477,0.012301893
201512,0.010386457,0.009397651,0.011665664,0.010582614,0.011735361,0.013507269,0.010419054,Not Significant,0.016306453,0.008421639,0.008920648,0.010738997,0.008155987,0.013819614,0.008505314,0.005800822,Not Significant,0.012219082,0.011276213,0.008538824,0.007819693,0.007780631,0.011213899,0.009134942,0.007841257,0.012462535,0.008549755,0.010671484,0.004482102,0.010117379
201612,0.008739049,0.009983329,Not Significant,0.01417716,0.010961117,Not Significant,0.00984273,Not Significant,Not Significant,0.010055493,0.011569789,0.017145889,Not Significant,Not Significant,0.009542175,0.004255323,0.006430447,Not Significant,0.013082228,Not Significant,Not Significant,0.007238881,Not Significant,Not Significant,Not Significant,0.013833737,0.009001097,0.01083625,Not Significant,Not Significant
201712,0.014715569,0.010764967,Not Significant,0.013734651,0.009512176,Not Significant,Not Significant,Not Significant,0.014281995,Not Significant,Not Significant,0.021082257,Not Significant,0.014518301,-0.008067769,Not Significant,Not Significant,Not Significant,Not Significant,Not Significant,0.012706577,Not Significant,Not Significant,0.013318744,0.011729835,Not Significant,0.014471521,0.021410166,Not Significant,0.005746813
200712,0.014045492,0.013902067,0.00973322,0.012325318,0.007763966,0.01202891,0.005036205,Not Significant,0.013667933,0.011868087,0.010505883,0.014571208,0.002238812,0.012322916,0.004198082,Not Significant,0.008490666,0.004753525,0.012195643,0.008164378,0.007669407,0.004188027,0.013276324,0.007371665,0.011509557,Not Significant,0.008964366,0.008503969,0.004847202,0.010310215
201212,0.019239337,0.007857036,0.007908832,0.010563227,0.007159222,0.010265837,0.011904252,Not Significant,0.014874154,0.009554393,0.008029883,0.010202799,0.004770655,0.011321614,0.005422232,0.006838354,0.009816276,0.008151212,0.010936045,Not Significant,0.007585054,0.00793555,Not Significant,0.009840872,0.009049845,0.011484256,0.005609017,0.009094486,Not Significant,0.011878447
201312,Not Significant,0.0147839,0.006332165,0.011226044,0.011026364,0.010690726,0.010585195,Not Significant,0.012011828,0.009078607,0.012946727,0.01064258,0.011776255,0.012696273,0.009696484,0.01041494,0.013454846,0.010289457,0.009976421,0.011648312,0.01145632,0.008243022,0.012516563,0.016713158,0.015376093,Not Significant,0.01171125,Not Significant,0.005702574,0.012627901
201812,0.013638691,0.010921895,0.013628625,0.012916673,0.011987761,0.009761075,0.009606885,Not Significant,0.010101247,0.010815766,0.009203864,0.012214111,0.007686524,0.008471195,0.003787179,0.004273066,0.009599836,0.007473969,0.013304838,0.011551718,0.007402434,0.005880406,0.006927769,0.009704996,0.009054364,0.012933422,Not Significant,0.010726065,0.00880302,0.008390712
201912,0.013888797,0.014124019,Not Significant,0.013005494,0.013878488,0.012390158,0.010351679,0.02001236,0.022499416,0.00937152,0.010141013,0.013704793,0.006115106,0.014021286,Not Significant,0.006192403,0.020474059,Not Significant,0.011254274,0.008196355,0.010269642,Not Significant,0.007591129,0.008462693,0.015068947,0.006287004,0.006235624,Not Significant,Not Significant,0.011097158
20072,0.014424258,0.009912754,0.005904292,0.011921867,0.015108999,0.009989092,0.017731072,Not Significant,0.023703908,0.005974937,0.007607345,0.011430339,0.004811554,0.009660567,0.006888002,0.006887583,0.00636385,0.008139365,0.010995437,0.010613453,0.007750149,0.0139251,0.009870851,0.007997706,0.008165416,Not Significant,0.0126331,0.006160039,0.0106007,0.012291158
20082,Not Significant,0.015260364,0.007220778,0.011990802,0.009746333,0.00929192,0.006675862,Not Significant,0.013198444,0.015077807,0.010690963,0.013338744,0.003770991,0.015147604,0.005743811,0.005044036,0.008518583,0.007850117,Not Significant,0.009373922,0.006588634,0.004987923,0.013219556,Not Significant,0.008344208,Not Significant,0.009615528,0.008080487,0.007816211,0.010333882
20102,0.009951682,0.012158233,0.013027478,0.015769626,0.004293672,0.01112377,0.007957642,Not Significant,0.011933461,0.006418479,0.007187846,0.010994913,0.005463679,0.014892838,0.00943073,0.005363007,0.008418058,0.012014923,0.008565479,0.007677529,0.00872061,0.007098087,0.008089777,0.008105721,0.008171094,0.004219151,0.006717308,0.011063449,0.004866241,0.009741069
20112,0.011006449,0.009904673,0.010762984,0.013315945,Not Significant,Not Significant,Not Significant,Not Significant,0.009988474,0.00558626,0.007596328,0.008479322,Not Significant,0.016159537,Not Significant,Not Significant,Not Significant,0.00868727,0.005326168,0.007972312,0.011460923,Not Significant,Not Significant,Not Significant,0.006752033,0.00943169,Not Significant,0.012836218,0.007345997,Not Significant
20122,Not Significant,0.013749899,0.007056208,0.015281668,0.011088382,0.00860471,0.010485994,Not Significant,0.018714123,0.005572979,0.005169922,0.010108683,Not Significant,0.013179597,Not Significant,0.005220536,0.00559746,Not Significant,0.013272269,Not Significant,Not Significant,Not Significant,0.007471321,Not Significant,0.00981318,Not Significant,0.005654762,Not Significant,Not Significant,0.008635049
20132,0.01079852,0.008009715,Not Significant,0.013082795,0.009219246,0.009596739,0.008736978,Not Significant,0.020111503,0.013932128,0.007573735,0.010821015,0.004200246,0.014680043,0.007740846,Not Significant,0.008551857,Not Significant,0.009646789,Not Significant,0.00941469,0.005965966,0.009749337,0.009893694,0.009523088,0.010022128,Not Significant,0.010736612,Not Significant,0.007574048
20162,0.008822832,0.009189398,0.013549606,0.013816225,Not Significant,0.012824609,0.008295912,Not Significant,0.016023297,0.011155264,Not Significant,0.010392343,0.003948518,0.017478609,Not Significant,0.005678798,0.005511152,Not Significant,0.012276628,0.011751147,Not Significant,Not Significant,0.008071092,0.011055089,0.012400821,0.013214538,Not Significant,0.009794669,Not Significant,Not Significant
20172,Not Significant,0.011024248,Not Significant,Not Significant,Not Significant,0.012366026,Not Significant,Not Significant,0.02604796,0.012853976,Not Significant,Not Significant,Not Significant,0.020507664,-0.010824952,Not Significant,Not Significant,Not Significant,0.009513335,Not Significant,Not Significant,Not Significant,Not Significant,Not Significant,Not Significant,0.020407472,Not Significant,Not Significant,Not Significant,Not Significant
20182,0.011480328,0.014438193,0.01279503,0.013846762,0.014154252,0.011629597,0.009850989,Not Significant,0.013326389,0.012587017,0.009958354,0.012338501,0.010152859,0.012084112,0.007662429,0.007710617,0.011302187,0.006920651,0.013172789,0.011900636,0.010805136,0.007429164,0.009920524,0.011081547,0.009771776,0.012500489,0.009340788,0.010342971,0.008129231,0.009090301
20192,0.011667792,0.007012511,0.015001402,0.020288074,Not Significant,0.009696173,Not Significant,Not Significant,0.017408058,0.011764922,0.011201838,0.015221174,0.008195928,0.014478986,Not Significant,Not Significant,0.017008983,0.009083013,0.010806839,0.009161238,Not Significant,Not Significant,Not Significant,Not Significant,0.013246985,0.008842397,0.006927137,Not Significant,Not Significant,0.010406873
20092,0.01086508,0.022198121,0.010804751,0.012353534,0.011731058,0.010065153,0.009382384,Not Significant,0.022374127,0.013926811,0.007989073,0.0122538,0.005963488,0.019572373,0.007622688,0.004836991,0.009548491,0.009156949,0.008883901,0.009803448,0.008537465,0.005469095,0.01017277,0.012801497,0.007793531,0.008883187,0.008181279,0.006467864,Not Significant,0.009209025
20142,Not Significant,0.010041587,0.012726188,0.006765941,Not Significant,Not Significant,0.013919813,Not Significant,0.010905874,0.006787201,0.008371222,0.009727936,0.0083596,0.010007782,Not Significant,0.005488241,0.011826815,0.009496029,0.010367266,0.010422468,Not Significant,Not Significant,0.004568636,0.008050044,0.010849298,0.005823964,0.008521412,0.014286036,0.007809102,0.009404033
20152,Not Significant,Not Significant,Not Significant,0.015671071,0.023074925,0.017510116,Not Significant,Not Significant,0.01331004,0.011728323,0.01080262,0.015734897,Not Significant,0.011852592,Not Significant,Not Significant,0.008650566,0.008902706,0.00962622,0.008302214,0.012957762,0.007311551,0.007922764,Not Significant,0.012356316,0.009186078,Not Significant,Not Significant,Not Significant,0.016544403
20202,0.014050631,0.013127205,0.013400803,0.010122743,0.012173119,0.010318903,0.010755015,0.014773901,0.009280554,0.008640297,0.011053169,0.013180908,0.005726791,0.010508162,0.007306862,0.005506673,0.005038533,Not Significant,0.013425371,0.010976575,0.00521657,0.008190402,0.006042265,0.015605405,0.010370147,0.011883509,0.004074477,0.010168462,0.005390544,0.010970732
20073,0.010786679,0.015342008,0.006762674,0.008264292,0.010696524,0.009896751,0.010786188,Not Significant,0.017528766,0.009388432,0.006746256,0.009461317,0.003512356,0.016258793,0.004951709,0.00844409,0.005035566,0.006858628,0.010902478,0.008521347,0.008830739,0.006248691,0.008715859,Not Significant,0.008044295,Not Significant,0.009715012,0.008342803,0.007918532,0.008614872
20103,0.015397563,0.012260469,0.014180259,0.012667892,Not Significant,0.006098679,Not Significant,Not Significant,Not Significant,Not Significant,0.005646082,0.016503177,0.003533547,0.00732164,Not Significant,Not Significant,0.009474,0.009677931,Not Significant,Not Significant,0.012115026,0.004416771,Not Significant,Not Significant,Not Significant,0.009671268,Not Significant,Not Significant,Not Significant,0.00871696
20113,0.012095189,0.011871666,0.012486802,0.014915443,0.005592939,0.009483699,0.011374798,Not Significant,0.008693282,0.010752159,0.011632641,0.008486923,0.005841533,0.010741498,0.006596183,0.004590215,0.011917562,0.008738279,0.008833952,Not Significant,0.007978408,0.005900116,0.005811684,0.011258319,0.011167142,0.0089658,0.008184103,0.010096195,0.002824301,0.010741282
20123,Not Significant,0.012059743,0.009248841,0.021181838,0.005549517,0.007722959,0.012024521,Not Significant,0.024645797,0.005920953,0.005923388,0.005012207,0.003454837,0.021205628,Not Significant,Not Significant,0.008973445,0.00761557,0.008474433,0.006886224,0.007489151,Not Significant,0.008593038,Not Significant,0.013829872,0.007721625,Not Significant,Not Significant,0.003346671,0.006545619
20133,Not Significant,0.013743667,Not Significant,Not Significant,0.015981476,0.006804732,0.017110956,Not Significant,0.017110337,Not Significant,0.012135478,0.012906012,0.008520731,0.013560262,Not Significant,0.00768362,0.012593788,Not Significant,Not Significant,Not Significant,0.012205197,0.007058607,Not Significant,Not Significant,0.010376256,0.012840743,Not Significant,Not Significant,Not Significant,0.007708895
20163,0.010605169,0.005510556,0.007483661,0.01565216,0.00995935,0.012784785,0.008216928,Not Significant,0.013297339,0.003967988,0.008954514,0.010916701,0.003900035,0.014243698,0.003457759,Not Significant,0.004394548,0.007427259,0.008174173,Not Significant,0.010364322,Not Significant,0.00552695,0.00574532,Not Significant,0.010875277,Not Significant,Not Significant,Not Significant,0.006236326
20173,0.011215432,0.012227365,0.009751738,0.0195114,0.005035739,0.007800451,0.003990192,Not Significant,0.015399949,0.005098151,0.006245896,Not Significant,0.005822007,0.01852212,Not Significant,0.003101049,0.006410056,Not Significant,0.008280566,Not Significant,0.005097364,0.003629574,0.008675713,0.008222132,0.008174805,0.007487698,Not Significant,0.00600539,Not Significant,0.008944787
20183,0.01119033,0.01033832,0.011325532,0.014995082,0.012870276,0.008705637,0.007433896,Not Significant,0.013946414,0.009029322,0.009762715,0.016498747,0.008452361,0.012803986,0.002595125,Not Significant,0.012916494,0.004119953,0.017210457,0.005595149,0.007101477,Not Significant,0.007909333,0.006218257,0.010036252,0.011672524,0.003001708,Not Significant,0.007826122,0.006634785
20193,0.012195151,0.009606519,Not Significant,0.012291342,0.008874486,0.010068689,Not Significant,Not Significant,0.010641262,0.004615794,0.009586914,0.01185543,0.004574966,0.008916921,Not Significant,Not Significant,0.011158706,0.006408313,0.012217402,0.018125194,0.009680376,0.005139321,Not Significant,0.013045649,0.008053757,0.010218243,Not Significant,Not Significant,0.004651169,0.007003427
20083,0.012087774,0.018666864,0.005233656,0.009329307,0.011655117,0.009072326,0.007802748,Not Significant,0.024377704,0.014600866,0.004961281,0.011374911,0.00315859,0.013639917,0.004339205,0.004097535,0.006101333,Not Significant,0.008890456,0.01007819,0.006296797,0.004414668,0.010257265,Not Significant,0.007544047,Not Significant,0.007166898,0.008222957,0.006154892,0.009395722
20093,0.008223666,0.023365551,0.009583254,0.015805685,0.010414419,0.009363006,0.011244832,Not Significant,0.018007997,0.009907574,0.00658345,0.011704665,0.004248126,0.029540338,0.00468893,0.00561815,0.011114719,0.009130513,0.009758952,0.009824951,0.006976768,0.005937386,0.009665406,0.014121272,0.009581724,0.010047256,0.007316138,0.007961396,0.004489096,0.008314549
20143,Not Significant,0.013327739,0.010014472,0.006037447,0.009357492,0.005733674,0.016031527,Not Significant,0.012612787,0.007006442,0.011093193,0.006726592,0.007655302,0.011254176,0.003170016,Not Significant,0.010110804,0.008632536,0.01426826,0.009504102,0.01043072,Not Significant,0.007709454,Not Significant,0.010968421,0.011828658,0.006714949,0.011371801,0.005618112,0.006819758
20153,0.010025299,0.010371759,0.011362359,0.012164954,0.011066358,0.008322656,0.013248262,Not Significant,0.015069421,0.013005388,0.012846737,Not Significant,0.011806385,0.01224735,0.008692397,0.008530416,0.014151495,0.009576341,0.007927287,0.011614295,0.007889224,0.011131728,0.012488011,0.013996996,0.014246629,0.012669939,0.00949868,0.013048832,0.009854532,0.007380867
20203,0.010709751,0.014656639,0.016321814,0.009330644,0.009962403,0.014335611,0.010606224,0.012501774,0.013180726,0.012327298,0.009617693,0.012679685,0.007482464,0.013362622,0.007508592,0.010408457,0.008347608,0.007153393,0.011532127,0.009653898,0.007394637,0.008244878,0.011164404,0.012364888,0.011157838,0.010911811,0.005487383,0.00726397,0.006041826,0.010174078
20084,0.017092248,0.018904265,Not Significant,0.013625795,0.011479079,Not Significant,0.008577746,Not Significant,0.017265595,0.012407337,0.006238923,0.015811394,0.002745369,0.022164842,Not Significant,0.006341395,0.009485552,Not Significant,0.010814734,0.005657305,0.008936993,Not Significant,0.010464584,Not Significant,0.012131014,Not Significant,0.008669245,0.007264185,0.00393534,0.005322151
20094,0.006983724,0.03152413,0.011023583,0.016772862,0.011027581,0.007434723,0.01373766,Not Significant,0.015970734,0.009006804,0.004816503,0.008452686,Not Significant,0.027555943,Not Significant,0.004504942,0.008848538,Not Significant,0.008400109,0.010146498,Not Significant,0.006401745,0.010402357,Not Significant,0.011328839,0.011782192,0.005627046,0.005547461,Not Significant,0.005393506
20104,0.010578561,0.019365934,0.0086745,0.016413269,0.008810505,0.010651563,0.008726373,Not Significant,0.024114567,0.008998881,0.004846768,0.01069036,0.003559442,0.018392381,Not Significant,0.005478339,0.003788219,Not Significant,0.004834809,0.00762801,0.006112525,Not Significant,0.008177226,Not Significant,0.008909912,0.011282737,Not Significant,0.009441112,Not Significant,0.005683317
20114,Not Significant,0.00663562,0.010357273,0.022228877,Not Significant,0.016465924,0.009698591,Not Significant,Not Significant,Not Significant,Not Significant,0.021645931,0.009392389,0.00975386,Not Significant,Not Significant,0.011735553,0.008286265,0.012056978,Not Significant,Not Significant,Not Significant,0.009542404,Not Significant,0.01887122,0.007879482,0.007790119,0.00600052,Not Significant,0.01427205
20134,0.015055009,0.008789713,Not Significant,0.009614338,0.010121318,0.007943306,0.011762209,Not Significant,0.009014307,0.005215552,Not Significant,0.009790253,0.005520796,0.011614042,0.011383482,Not Significant,0.006429126,0.00635723,Not Significant,0.007178907,Not Significant,Not Significant,0.008372098,Not Significant,0.00810208,0.01220293,Not Significant,0.005486762,Not Significant,0.005760173
20144,Not Significant,0.014086339,0.01075647,0.006348489,0.009453813,0.006949484,0.01294625,Not Significant,0.011840162,0.008094015,Not Significant,0.006498386,0.004903108,0.010516672,Not Significant,Not Significant,0.007038341,0.008998934,0.009631092,0.01126843,0.008188323,Not Significant,Not Significant,Not Significant,0.010220315,0.018087561,Not Significant,0.00970785,0.003069139,0.003621797
20154,0.014446811,0.01160852,0.011500879,0.013006663,0.013377512,Not Significant,0.007748177,Not Significant,0.00798461,0.011034305,0.016844379,0.01236157,0.007369542,0.008453557,Not Significant,0.010593415,0.012154517,0.011411547,Not Significant,0.008446443,0.009262193,0.005210333,0.014907007,Not Significant,0.012513526,0.010771895,0.006631099,0.017661127,0.007772745,0.007124744
20164,Not Significant,0.010184537,0.007993863,0.013834251,0.015417778,0.01118977,0.012916163,Not Significant,0.017734672,0.006814639,Not Significant,0.010963049,Not Significant,0.017825599,Not Significant,Not Significant,Not Significant,0.00948189,Not Significant,0.008004927,Not Significant,Not Significant,Not Significant,0.008365469,0.005208582,0.011818107,Not Significant,0.013377685,0.010266597,0.00772242
20194,Not Significant,0.013431531,Not Significant,0.023237973,0.011153887,Not Significant,Not Significant,Not Significant,Not Significant,Not Significant,0.017204321,Not Significant,Not Significant,0.014328159,Not Significant,Not Significant,Not Significant,Not Significant,Not Significant,Not Significant,Not Significant,Not Significant,Not Significant,Not Significant,0.019656535,0.006897714,Not Significant,Not Significant,Not Significant,Not Significant
20074,Not Significant,0.018538184,Not Significant,0.012171153,0.012241378,0.013315912,0.010328089,Not Significant,0.018887541,0.013747635,Not Significant,0.01205002,Not Significant,0.009845752,Not Significant,Not Significant,Not Significant,Not Significant,Not Significant,Not Significant,Not Significant,Not Significant,Not Significant,Not Significant,0.006979018,Not Significant,Not Significant,0.010520571,0.014867561,0.016335997
20124,0.01676485,0.010377074,0.015426374,0.009008575,0.009452175,0.010313256,0.012257211,Not Significant,0.011692958,0.006080325,0.009853129,0.009565977,0.005036729,0.011407068,0.006581685,0.004847919,0.0085873,Not Significant,0.008874795,0.007143006,0.004896101,Not Significant,Not Significant,Not Significant,0.010611759,0.010732469,0.00603728,0.011839668,Not Significant,0.006993953
20174,0.008192217,0.020758389,0.009569766,0.029862905,0.009236338,0.009170511,Not Significant,Not Significant,0.023121456,0.00884457,Not Significant,0.009216295,Not Significant,0.020761515,Not Significant,Not Significant,0.008082646,Not Significant,0.008448517,Not Significant,0.003211727,Not Significant,Not Significant,0.006582279,0.007419388,0.006372849,Not Significant,0.007590541,Not Significant,0.006353103
20184,0.009707348,Not Significant,0.014408173,0.015218336,0.014554723,0.009414927,0.006570098,Not Significant,0.009231635,0.010925833,0.009940778,0.018295275,0.009022823,0.009257289,0.006997442,Not Significant,0.014003739,0.008230484,0.014629917,0.011668375,0.005514102,0.005633693,0.009012267,0.008965918,0.008338106,0.010653905,0.007785608,0.010127174,0.00681222,0.008622108
20075,0.010755457,0.00791943,Not Significant,0.00862967,Not Significant,0.014642278,0.008379991,Not Significant,0.014225354,Not Significant,0.008636815,0.012150156,0.00847111,0.01095113,0.008225074,Not Significant,0.006327841,0.0079617,0.008103131,0.007845874,0.005999742,Not Significant,0.010511102,Not Significant,0.006629392,Not Significant,0.009896272,0.006387826,Not Significant,0.012973083
20085,0.012338626,0.023614355,0.01025109,0.007373455,0.017347063,Not Significant,Not Significant,Not Significant,0.016164644,0.016290788,0.007155323,0.017507495,0.005464219,0.019131084,Not Significant,0.011402997,0.009715785,0.006957822,0.014172701,0.01065604,0.005019339,0.005783967,0.013173533,Not Significant,0.012849001,Not Significant,0.011663633,0.010127059,Not Significant,Not Significant
20095,0.009986839,0.02633217,0.011111608,0.01422937,0.007608074,0.006652453,0.012242971,Not Significant,0.015373622,0.008542164,0.005265989,0.006629748,0.00285623,0.026180109,0.004277379,0.004942167,0.009436552,Not Significant,0.005100584,0.01036002,Not Significant,0.006501021,0.008672694,Not Significant,0.010832128,0.007489372,0.006002425,0.008088609,0.003687138,0.005760882
20125,0.016417544,0.01189495,0.013072123,0.01744053,Not Significant,0.010551256,0.009850159,Not Significant,0.012558701,0.010857832,0.005930295,0.007938633,0.003117532,Not Significant,0.006045856,0.0068909,0.007161726,Not Significant,0.007875205,0.010681682,Not Significant,Not Significant,0.006404639,0.008769674,0.012413858,0.01259443,Not Significant,0.00631232,Not Significant,0.006384141
20135,Not Significant,0.009701564,0.010002733,0.008703901,Not Significant,0.00952132,0.008024157,Not Significant,0.014180389,0.005613984,0.008923135,Not Significant,0.011339002,0.00991427,0.006760396,0.007495752,0.006473796,Not Significant,0.009925347,0.011079474,Not Significant,Not Significant,0.006912301,Not Significant,0.010780131,0.017354806,0.010480794,0.009015994,0.004923221,0.010692319
20145,0.010246745,0.013288311,0.010650888,0.013045027,Not Significant,Not Significant,0.006515506,Not Significant,0.011935765,Not Significant,0.010165653,0.005452272,Not Significant,0.010818742,0.005102805,Not Significant,0.009118744,Not Significant,0.008947077,0.014472666,Not Significant,Not Significant,0.005518461,0.011490289,0.011354384,0.009841573,Not Significant,0.013949171,0.007204544,0.005594598
20155,0.02027534,0.005380947,0.012438307,Not Significant,0.00661471,Not Significant,0.007288854,Not Significant,0.008908889,0.014456306,0.010681244,0.013805242,0.010073912,0.00977817,0.005693416,Not Significant,0.009183107,Not Significant,0.014424606,0.007494774,0.006437055,0.007522407,0.008683214,0.010943368,0.012644697,0.013098007,0.00526595,0.010556922,0.009456725,0.008089207
20175,0.013622006,0.011214641,0.010701434,0.01275049,Not Significant,Not Significant,Not Significant,Not Significant,0.022412858,0.005883717,Not Significant,0.010444093,Not Significant,0.015576039,Not Significant,0.003819308,Not Significant,0.00628928,0.012864174,Not Significant,Not Significant,Not Significant,Not Significant,Not Significant,0.005350595,0.006746782,0.008197827,0.010775577,Not Significant,Not Significant
20185,Not Significant,0.012391585,0.015275568,0.016652888,0.008813701,0.010435987,0.009689629,Not Significant,0.014339757,0.008709295,0.011694142,0.013009204,0.011821706,0.01795629,Not Significant,0.012210897,0.012257211,0.009429384,0.009406838,0.008894229,Not Significant,0.010930844,0.013605591,0.009761391,0.011131406,0.006300114,0.00888645,0.016279155,Not Significant,0.015282621
20195,0.013713663,0.009991395,0.015740638,0.014380171,0.016693602,0.006162867,0.006571378,0.014993278,0.012092552,0.006325924,0.011145448,0.010110921,Not Significant,0.008668577,0.004665627,0.004139983,0.005416713,0.006643654,0.013251619,0.009158928,0.005047828,0.004634193,0.004807194,Not Significant,0.015196293,0.00912086,Not Significant,0.008403593,0.006754671,0.006428133
20105,0.01266814,0.014693649,0.01274346,0.014105267,0.012175761,0.009145797,0.011114168,Not Significant,0.008072572,0.009262646,0.008134396,0.012243184,0.004755126,0.010797187,0.00536701,0.006613094,0.008976971,0.006300358,0.008326208,0.011578582,0.006262054,0.005609873,0.006518046,0.00594289,0.009670515,0.007872418,0.005452039,0.007380706,0.00356133,0.007434911
20115,0.010554924,Not Significant,0.009895765,0.017854352,Not Significant,0.014261663,0.011707399,Not Significant,Not Significant,Not Significant,0.00739406,Not Significant,0.004957709,0.009612072,0.004809833,Not Significant,0.008444492,0.004460988,0.007994561,Not Significant,0.008738627,Not Significant,0.008345569,0.007467871,0.007341618,0.009197891,0.005724232,Not Significant,Not Significant,0.012090406
20165,0.007712652,0.01165791,0.009355331,0.013234291,0.012650941,0.009639712,0.009931706,Not Significant,0.014691206,0.011788783,0.010239256,0.011914973,0.005223448,0.011333767,0.006256357,Not Significant,0.007698297,0.008813854,0.014375828,Not Significant,Not Significant,0.005478797,0.008277336,0.008836837,0.012867533,0.014534248,0.007893202,0.007794708,Not Significant,0.006134963
20076,Not Significant,0.010238516,0.008411335,0.00822369,0.012843017,0.012524347,0.00879664,Not Significant,0.013435542,Not Significant,0.008648097,0.014583084,0.006093248,0.013258976,0.00672053,0.006390035,0.010259125,0.008068589,0.011462039,Not Significant,0.009985888,0.005369902,0.008619762,0.006390679,0.008958583,Not Significant,0.004484884,0.007380434,0.009311491,0.015369269
20096,0.005982955,0.014728498,0.013032826,0.016129121,0.011750338,0.01115608,0.011583965,Not Significant,0.008757008,0.00893091,0.004405196,0.009134785,0.004975949,0.010810008,0.005034916,0.0046835,0.010432705,0.010250725,0.005390421,Not Significant,Not Significant,0.006636459,0.006701397,0.008885856,0.009986926,Not Significant,Not Significant,0.011209607,Not Significant,0.00945944
20106,0.007484167,0.015160047,0.013465038,0.015744266,0.007176041,0.009254626,0.010538839,Not Significant,0.005060511,0.008333475,0.007267619,0.01036753,0.003303034,0.011570751,0.005805836,0.005819368,0.007365415,0.00741709,0.00919358,0.011072486,0.00783224,0.003108627,0.008181731,0.005538992,0.010668419,0.009387023,0.005021569,0.008376039,0.00364601,0.009065722
20116,0.008270972,0.011448919,0.009240389,0.016839481,0.010687077,0.010935469,0.00863156,Not Significant,Not Significant,0.013782249,0.006252623,0.010515269,0.005257684,0.009074561,0.004573688,0.004349187,0.010184798,0.006551364,0.010342904,0.016952596,0.009074713,0.003403661,0.006860531,0.009992692,0.010120397,Not Significant,0.006375868,Not Significant,0.005395926,0.010387746
20126,0.00865122,0.012268859,0.010230771,0.012416714,0.011661192,0.010320264,0.00757005,Not Significant,0.012972467,0.01144969,0.008749968,0.012697556,0.003953404,0.011938083,0.006401265,0.005982136,0.007930352,0.004606785,0.012126199,Not Significant,0.005009556,0.004437986,0.009027105,0.006401094,0.010875072,0.010253311,0.003862323,Not Significant,Not Significant,0.009705594
20156,0.007408205,0.011947841,0.010925109,0.007885237,0.011505721,0.00934924,0.010146293,Not Significant,0.012589595,0.009902726,0.009557539,0.010489738,0.009232809,0.012564192,0.006332034,0.007711729,0.011549777,0.011875115,0.011258793,0.010088338,0.006069596,0.00648481,0.011685428,0.010552995,0.009745345,0.013865342,0.007984232,0.01210613,0.005429096,0.006436455
20166,0.007281755,0.014343513,0.013444243,0.014799164,0.010503152,0.00776292,0.006821072,Not Significant,0.015861177,0.004466491,0.012377185,0.011464653,0.004167448,0.01680099,0.00567093,0.005817663,0.008409619,0.008274254,0.011611331,0.007912169,0.005961489,0.006326326,0.008902182,0.00503101,0.008993843,0.010106054,Not Significant,0.008270648,0.002404495,0.007203279
20176,0.018125976,0.005786334,0.007502707,Not Significant,0.014528471,Not Significant,Not Significant,Not Significant,Not Significant,Not Significant,Not Significant,0.014797657,Not Significant,Not Significant,0.004700352,0.007428592,0.006195358,Not Significant,0.01584786,Not Significant,Not Significant,Not Significant,Not Significant,0.007570732,0.006494534,0.012377888,Not Significant,Not Significant,Not Significant,Not Significant
20186,0.010418608,Not Significant,0.018919004,0.016840882,0.014679346,Not Significant,0.010449347,Not Significant,0.011082558,Not Significant,0.010543976,0.020209125,Not Significant,0.009777353,Not Significant,0.012594085,0.00902973,0.009381095,0.014111642,Not Significant,0.00402073,Not Significant,Not Significant,0.008312179,0.007845817,0.016621612,Not Significant,Not Significant,Not Significant,Not Significant
20086,0.010848918,0.018339453,Not Significant,0.008402001,0.014107596,Not Significant,0.011208803,Not Significant,0.017667938,0.013692654,0.009602809,0.015506732,0.005614812,0.013808113,Not Significant,0.009367438,0.009148806,0.008606252,0.013939756,0.018705732,0.009757725,0.006320828,0.011408712,Not Significant,0.009632733,0.011676154,0.013453498,0.009270432,0.010788254,0.008590794
20136,0.005183969,0.013139234,0.013140025,0.007353188,0.007096344,0.008465765,0.011970009,Not Significant,0.015581832,0.010851472,0.009160592,0.012331632,0.007926232,0.011629494,0.00901284,0.008225671,0.010790187,0.008076486,0.008108361,0.008106719,0.008630967,0.009222828,0.012283979,0.006493663,0.009575952,0.009742576,0.010657657,Not Significant,0.005985449,0.009156839
20146,Not Significant,0.013608937,0.012742151,0.017630074,0.010211956,Not Significant,0.010807655,Not Significant,0.008876536,0.009078239,0.010114215,Not Significant,0.007382327,0.012863149,0.005257794,Not Significant,0.010188683,Not Significant,0.014157623,0.013145439,Not Significant,0.005962487,Not Significant,Not Significant,0.012737719,0.007392974,0.00814553,0.029617056,Not Significant,Not Significant
20196,0.014473382,0.008745104,0.011328335,0.005668208,0.014044206,0.005837288,Not Significant,Not Significant,0.011706575,0.009059882,0.009312852,0.01298451,Not Significant,0.009956655,Not Significant,Not Significant,0.011696912,Not Significant,0.017157736,0.017747383,Not Significant,Not Significant,Not Significant,0.008167323,0.010121211,0.011105889,Not Significant,Not Significant,Not Significant,0.007570662
20087,0.011682291,0.01976017,0.012268577,0.012759799,0.009722848,Not Significant,0.008114078,Not Significant,0.020189788,0.014874988,0.005546698,0.01072477,Not Significant,0.032815986,Not Significant,0.006142713,0.007479284,Not Significant,0.010413149,0.008292734,0.010363192,0.003510514,0.014935766,Not Significant,0.011086156,0.024324565,0.005143935,0.008895137,0.009078042,Not Significant
20097,0.007463046,0.019826125,0.008675755,0.021446785,0.010008086,0.010347723,0.013988324,Not Significant,0.013811887,0.009405851,0.009620206,0.011922851,0.00506469,0.014488016,0.005222808,Not Significant,0.010584986,0.008822131,0.011831554,Not Significant,0.008298565,0.004334942,0.010676736,Not Significant,0.011621958,0.008149537,0.007686715,Not Significant,Not Significant,0.00930976
20107,0.005200226,0.016516659,0.012658834,0.011200559,0.01329288,0.007996971,0.011304319,Not Significant,Not Significant,0.011797488,0.006451994,0.009174597,0.004740765,0.013644199,0.003357616,0.006539455,0.009405452,0.005767313,0.007022391,0.007502031,0.005633214,0.005395112,0.005233391,0.00498767,0.010554081,0.012965463,0.003763081,0.009487881,0.004234684,0.006815376
20117,0.007422566,0.008633546,0.008135022,0.012665688,0.013079128,0.009132164,0.010924199,Not Significant,0.007333622,0.007445515,0.009267976,0.009815951,0.003467323,0.011387045,0.007267801,0.004153028,0.00858491,0.006488403,0.009059818,0.008289354,0.004164733,0.004422965,0.006869056,0.00731373,0.00985087,0.011242162,Not Significant,Not Significant,0.005713091,0.007347208
20137,Not Significant,Not Significant,Not Significant,0.010919259,0.009891836,0.011326253,0.013826857,Not Significant,0.017599769,Not Significant,Not Significant,Not Significant,Not Significant,0.008025633,0.009107597,Not Significant,0.009418228,Not Significant,Not Significant,Not Significant,Not Significant,0.007875801,0.014307934,Not Significant,0.010390331,Not Significant,Not Significant,0.010791242,Not Significant,0.006621779
20147,0.010868433,0.011340403,0.008418076,0.009919525,0.008192759,0.009614545,0.008019053,Not Significant,0.009463133,0.006496443,0.008537673,Not Significant,0.009548318,0.010015048,Not Significant,0.004779378,0.009391631,0.009395255,Not Significant,0.012436201,0.00963531,0.004869917,Not Significant,0.008225312,0.004951852,0.01252835,0.008797694,0.015822781,0.003951032,0.013619388
20157,0.012008373,0.011919769,0.010961946,0.013658907,0.005235109,0.013548962,0.007110923,Not Significant,0.009846149,0.008700612,0.011189317,0.008589335,0.007400345,0.010322927,0.00648829,0.006670014,0.010409994,0.00811962,Not Significant,0.010387565,0.010869426,Not Significant,0.006066402,0.010764536,0.011097771,Not Significant,0.006961932,0.015047792,0.007158299,0.010795449
20167,Not Significant,0.018732561,0.011394759,0.016586127,0.010521775,0.011784909,0.006206329,Not Significant,0.021105617,0.011520489,0.009065661,0.017052244,Not Significant,0.016551959,Not Significant,Not Significant,0.006018677,0.006008545,0.013086755,0.011840228,Not Significant,Not Significant,Not Significant,Not Significant,0.010064246,0.010899205,Not Significant,Not Significant,Not Significant,0.009235332
20197,Not Significant,0.013463488,Not Significant,Not Significant,0.010846995,Not Significant,0.009447877,Not Significant,0.011388641,0.009241718,0.009921313,0.012785089,Not Significant,0.008475223,0.016142577,Not Significant,Not Significant,Not Significant,0.013688065,0.007579758,Not Significant,Not Significant,0.009225534,Not Significant,0.008136881,0.012170391,Not Significant,0.010154434,0.00497872,Not Significant
20077,Not Significant,0.019477657,0.00679065,0.008899514,0.011255556,0.014586191,0.008255088,Not Significant,0.015337565,0.0083605,0.006122252,0.012917663,0.004990437,0.013071243,0.006570202,0.009348654,0.005497149,0.012143307,0.009585142,0.009729594,0.006906763,0.006077391,0.012348134,0.007663196,0.008936493,Not Significant,Not Significant,0.007209039,0.008644328,0.015266066
20127,Not Significant,0.008384667,0.00991751,0.015653645,0.014427429,0.007710559,0.008680355,Not Significant,0.012104696,Not Significant,0.010724697,0.014221492,0.007493095,0.013250504,0.007453721,Not Significant,0.009447113,0.01021923,0.014045362,0.010335636,0.004732882,Not Significant,0.009820922,Not Significant,0.011851416,0.009424107,0.005286702,Not Significant,Not Significant,0.008164206
20177,0.011337357,0.01163661,Not Significant,Not Significant,0.012308086,Not Significant,Not Significant,Not Significant,Not Significant,Not Significant,Not Significant,0.012676351,Not Significant,Not Significant,0.006011377,Not Significant,Not Significant,Not Significant,0.015615037,Not Significant,0.008451684,Not Significant,Not Significant,Not Significant,Not Significant,Not Significant,Not Significant,Not Significant,Not Significant,Not Significant
20187,0.014471218,0.00994986,0.012219895,0.02349916,Not Significant,Not Significant,Not Significant,Not Significant,Not Significant,Not Significant,Not Significant,0.026948811,Not Significant,Not Significant,Not Significant,Not Significant,0.011611608,Not Significant,0.017719727,0.009422698,Not Significant,Not Significant,Not Significant,Not Significant,0.012692068,0.014090694,Not Significant,Not Significant,Not Significant,0.007826075
20078,0.017425747,0.015664787,0.009278955,0.008102842,0.00884774,0.010963484,0.008503782,Not Significant,0.016528951,0.013234126,0.005920226,0.010480489,0.004956643,0.011877276,0.004496062,0.005174875,0.005906749,0.0074204,0.008143771,0.008371352,0.007346193,0.00510977,0.013804273,0.005029056,0.00896051,Not Significant,0.006924079,0.006024817,0.010457003,0.012163915
20088,0.011068968,0.020883004,0.014949318,0.010580424,0.01164902,Not Significant,0.011426536,Not Significant,0.01325723,0.016688039,0.005087499,0.0063005,0.00451747,0.022623357,0.006341356,0.011827137,0.010954826,0.009476496,0.00780879,0.010710589,0.008956809,0.00830649,0.010198354,0.01429965,0.011638996,0.009970695,0.01051001,0.009598065,0.010864713,0.007734687
20118,0.008333153,0.010916413,0.011008504,0.012101224,0.01038882,0.009187593,0.009120408,Not Significant,0.010248125,0.008711423,0.007419985,0.006989936,0.005643205,0.011898304,0.006109384,0.005146509,0.008991436,0.007826241,0.008029758,0.009994273,0.008884317,0.004135044,0.009224828,0.010705256,0.009596659,0.009251794,0.006236154,0.005765198,0.004690788,0.009056276
20128,Not Significant,0.01215539,0.013735833,0.013723592,0.024519843,0.008742134,0.008892086,Not Significant,0.014414675,0.009218616,0.011457942,0.012529065,0.00352201,0.012395752,0.008905981,Not Significant,0.010455937,Not Significant,0.012181664,0.007598292,Not Significant,0.011008362,0.006632526,Not Significant,0.01468649,Not Significant,Not Significant,Not Significant,Not Significant,0.009358472
20138,Not Significant,0.012111329,0.01065202,0.008354908,0.014328852,Not Significant,0.008703925,Not Significant,0.01458567,0.0088129,0.005331754,Not Significant,0.005377627,0.011485411,0.00368748,0.003970168,0.007737059,0.005010688,0.014079957,0.013619272,Not Significant,0.005342158,0.006752953,0.007427538,0.0116042,Not Significant,Not Significant,0.013201511,0.004458559,Not Significant
20148,Not Significant,0.01125306,Not Significant,0.0088365,0.007396689,0.012643322,0.012019057,Not Significant,0.013735424,Not Significant,0.012244281,0.013441186,0.01025827,0.012143274,Not Significant,0.004047298,0.009494851,0.011015864,Not Significant,0.009961228,0.008132296,Not Significant,0.005738368,0.014228253,0.010401312,0.009909995,0.007916502,Not Significant,Not Significant,0.011890376
20168,0.011829978,0.017633752,0.008759756,0.011374861,Not Significant,Not Significant,Not Significant,Not Significant,0.016326074,0.009737417,0.011075968,0.007249263,0.005938145,0.012885466,Not Significant,Not Significant,0.00626309,0.034818773,0.007383394,Not Significant,0.010887834,Not Significant,0.005774145,Not Significant,0.011223749,0.006264891,Not Significant,0.009467429,Not Significant,Not Significant
20178,0.014581734,0.007735442,0.006250543,0.008336951,0.018917418,Not Significant,Not Significant,Not Significant,0.013920467,Not Significant,Not Significant,0.007339672,Not Significant,0.008995501,Not Significant,Not Significant,0.005217045,0.006443119,0.012165435,0.010690656,0.004741319,Not Significant,Not Significant,0.006458648,Not Significant,0.009421341,0.00563897,0.008218934,0.006056497,0.004406653
20188,Not Significant,0.008912922,0.019013623,0.026909622,0.012250106,0.013506517,Not Significant,Not Significant,0.01556669,Not Significant,Not Significant,0.012750409,Not Significant,0.011605459,Not Significant,Not Significant,0.010202107,Not Significant,0.010114412,0.00883909,Not Significant,Not Significant,Not Significant,0.008554918,0.010606016,0.0060604,0.006821958,0.009416174,Not Significant,0.012330667
20198,0.014740205,0.009929633,0.007379634,0.010588074,0.012233375,0.008571889,0.00966159,0.014333332,0.012424873,0.009198149,0.011009611,0.011186853,0.004961795,0.011028509,0.004951668,0.005741166,0.009921443,0.006511199,0.011215261,0.012178553,0.008075121,0.007149063,0.007312312,0.006824113,0.012055875,0.011059192,0.004195306,0.011453703,0.007318344,0.010558595
20098,0.013117143,0.012760902,0.011307499,0.017863002,0.011394507,0.007984035,0.015641399,Not Significant,0.007958299,0.013317909,0.007165114,Not Significant,0.003029485,0.016611916,Not Significant,0.003851846,0.007730743,0.006669699,0.00867397,Not Significant,0.003728058,Not Significant,0.010873013,Not Significant,0.008381993,0.009385373,0.007594616,0.007628532,Not Significant,0.007527472
20108,0.009070587,0.008593776,0.01342862,0.012560642,0.012266785,0.009033711,0.010907827,Not Significant,0.007419252,0.010830557,0.007236751,0.010430067,0.005816992,0.011945554,0.006352681,0.005832037,0.009911803,0.008349533,0.005902234,0.006923092,0.009396018,0.004397232,0.0057477,0.012123964,0.010024552,Not Significant,0.005719983,0.005212476,0.00430479,0.009410521
20158,0.013375876,0.007874079,0.010632163,0.008315432,0.010866837,0.013825691,0.009338662,Not Significant,0.01073237,0.009316737,0.008594581,0.010469604,0.008719828,0.011907373,0.006092376,0.009966488,0.007287398,0.012008459,0.013023836,0.011427196,0.009813137,0.007746234,0.007307356,0.011415146,0.008428509,0.011032632,0.008060403,0.012309498,0.007731011,0.012375265
20099,0.009756327,0.018834295,0.008744101,0.017563529,0.011363718,0.010108195,0.011750309,Not Significant,0.013255186,0.008408492,Not Significant,0.007646686,0.003316206,0.018659618,Not Significant,Not Significant,0.009407141,Not Significant,0.007608521,Not Significant,0.007040248,Not Significant,Not Significant,0.012389885,0.005600983,0.00826144,Not Significant,Not Significant,Not Significant,0.006823383
20109,0.007438032,0.014661349,0.009939924,0.012625334,0.007713531,0.009886275,0.011661389,Not Significant,0.012082474,0.010531638,0.00731893,0.009162982,0.004872557,0.016774771,0.005688923,Not Significant,0.010393753,0.004434412,0.009775535,0.009184429,0.008244789,0.002727174,0.009283767,0.007565932,0.008519837,Not Significant,0.004619081,Not Significant,0.005077109,0.006978699
20119,0.004169564,0.010061887,0.011538413,0.013408307,0.009641131,0.010715889,0.011297418,Not Significant,0.0147572,0.008447624,0.007745264,0.007842303,0.005329464,0.016307558,0.00709022,0.006448389,0.011863366,0.006781534,0.007644477,0.010213163,0.006257775,0.005587599,0.01036782,0.010831373,0.013154646,0.007396674,0.004419317,0.005706309,0.00548566,0.010033159
20159,0.011280818,0.009417729,0.009773272,0.009227246,0.009720248,0.009823016,0.009711898,Not Significant,0.011684,0.010451323,0.010726598,0.010227011,0.006057911,0.011633349,0.005182437,0.007844213,0.008343359,0.009215243,0.011877034,0.009398926,0.010859771,0.006673962,0.007661659,0.010407652,0.008489899,0.010943588,0.00691432,0.009609784,0.00704275,0.009578625
20169,0.008051329,0.009479295,0.010839913,0.012259753,0.009663543,0.012754752,0.006279606,Not Significant,0.01175014,0.010179141,0.009393654,0.010905423,0.0070123,0.007030668,0.010433477,0.005646397,0.009226452,0.00887566,0.009448458,0.00718609,0.009844056,0.009019353,0.008939355,0.008108911,0.010653537,0.009539547,0.009896458,0.009063,0.008741142,0.01016218
20179,0.017470452,0.014489168,Not Significant,Not Significant,0.015097189,Not Significant,Not Significant,Not Significant,0.026211957,Not Significant,0.00907097,0.010275587,Not Significant,0.021770129,Not Significant,Not Significant,Not Significant,Not Significant,0.010170883,Not Significant,Not Significant,Not Significant,0.019479881,Not Significant,0.020474231,0.012702086,Not Significant,Not Significant,Not Significant,Not Significant
20079,Not Significant,0.016113484,Not Significant,0.013866866,0.005874431,0.009001948,0.01037471,Not Significant,0.016164398,Not Significant,0.00696129,0.008444752,0.00339537,0.016091254,0.007223415,Not Significant,0.008954637,0.007568839,0.005144566,0.010559621,0.009155565,0.003528824,0.013009996,0.004155366,0.008513724,Not Significant,0.009852531,0.009434366,0.00857279,0.009852641
20089,0.01559697,0.019849579,0.006418385,0.007228386,0.010794844,0.010809253,0.00849529,Not Significant,0.016479478,0.008496692,0.006628976,0.009938953,0.003793089,0.025962274,0.003729899,0.004837838,0.005855466,0.006206439,0.007579584,0.006781493,0.008116815,0.003729823,0.022001905,0.016646236,0.008223085,0.00839018,0.007508541,0.006232535,0.004238882,0.008993292
20129,0.013910158,0.009217913,Not Significant,0.017400584,0.014356316,0.008960614,0.009187926,Not Significant,0.017403812,0.008273949,0.006309502,0.012386151,Not Significant,0.018860858,0.008508975,0.005549188,0.009153307,Not Significant,0.010202732,Not Significant,Not Significant,0.00464035,0.007465971,0.007333155,0.011080995,0.006876621,Not Significant,Not Significant,0.005653427,0.008428027
20139,Not Significant,0.010628927,0.013707906,0.015544166,0.011451389,0.007611152,Not Significant,Not Significant,0.017118166,0.012567897,0.011562893,0.011933845,0.008314982,0.011715516,0.012758111,0.007747633,0.010521214,0.005953664,Not Significant,Not Significant,0.006544482,0.010317061,0.011183651,Not Significant,0.014150414,0.01133631,Not Significant,Not Significant,0.009611717,0.009330901
20149,0.012397176,0.012826383,0.007075917,0.008459738,0.01046055,0.005663834,0.010064636,Not Significant,0.010327151,0.012319259,0.007607768,0.009260904,0.007802952,0.010845858,0.005621098,0.008015842,0.007081973,0.00612987,0.010702722,0.023832705,0.006908152,0.004948624,0.007251573,0.010042333,0.007439515,0.009349562,0.006988718,0.011982012,0.007975724,0.008030459
20189,0.022222902,0.013963475,Not Significant,Not Significant,0.008574717,Not Significant,Not Significant,Not Significant,Not Significant,Not Significant,Not Significant,Not Significant,Not Significant,Not Significant,Not Significant,Not Significant,Not Significant,Not Significant,0.020290801,0.017380166,Not Significant,Not Significant,Not Significant,Not Significant,0.010295096,0.017149851,Not Significant,Not Significant,Not Significant,Not Significant
20199,0.016730116,0.010340972,Not Significant,0.017520154,0.012270025,Not Significant,0.008811407,0.0162207,0.016512077,0.009410792,0.012108319,0.021422684,Not Significant,0.01064124,Not Significant,Not Significant,0.010062893,Not Significant,0.012399774,0.011816298,Not Significant,Not Significant,Not Significant,Not Significant,0.010546839,Not Significant,Not Significant,Not Significant,Not Significant,Not Significant
